CAMIS,DBA,BORO,BUILDING,STREET,ZIPCODE,PHONE,CUISINE DESCRIPTION,INSPECTION DATE,ACTION,VIOLATION CODE,VIOLATION DESCRIPTION,CRITICAL FLAG,SCORE,GRADE,GRADE DATE,RECORD DATE,INSPECTION TYPE
41467153,THE BLEND CAFE,BRONX,582       ,EAST FORDHAM ROAD                                                                                   ,10458,3475999424,American ,05/16/2011,Violations were cited in the following area(s).,06A,Personal cleanliness inadequate. Outer garment soiled with possible contaminant.  Effective hair restraint not worn in an area where food is prepared.,Critical,20,,,02/06/2016,Cycle Inspection / Initial Inspection
41467153,THE BLEND CAFE,BRONX,582       ,EAST FORDHAM ROAD                                                                                   ,10458,3475999424,American ,05/16/2011,Violations were cited in the following area(s).,10A,"Toilet facility not maintained and provided with toilet paper, waste receptacle and self-closing door.",Not Critical,20,,,02/06/2016,Cycle Inspection / Initial Inspection
41467153,THE BLEND CAFE,BRONX,582       ,EAST FORDHAM ROAD                                                                                   ,10458,3475999424,American ,05/16/2011,Violations were cited in the following area(s).,10J,''''Wash hands sign not posted at hand wash facility.,Not Critical,20,,,02/06/2016,Cycle Inspection / Initial Inspection
41467153,THE BLEND CAFE,BRONX,582       ,EAST FORDHAM ROAD                                                                                   ,10458,3475999424,American ,05/16/2011,Violations were cited in the following area(s).,04A,Food Protection Certificate not held by supervisor of food operations.,Critical,20,,,02/06/2016,Cycle Inspection / Initial Inspection
41391352,CASANOVAS BILLIARDS,QUEENS,102-02,43 AVENUE,11368,7188077671,"Bottled beverages, including water, sodas, juices, etc.",06/06/2011,Violations were cited in the following area(s).,03A,Food from unapproved or unknown source or home canned. Reduced oxygen packaged (ROP) fish not frozen before processing; or ROP foods prepared on premises transported to another site.,Critical,32,,,02/06/2016,Cycle Inspection / Initial Inspection
41391352,CASANOVAS BILLIARDS,QUEENS,102-02,43 AVENUE,11368,7188077671,"Bottled beverages, including water, sodas, juices, etc.",06/06/2011,Violations were cited in the following area(s).,08A,Facility not vermin proof. Harborage or conditions conducive to attracting vermin to the premises and/or allowing vermin to exist.,Not Critical,32,,,02/06/2016,Cycle Inspection / Initial Inspection
41391352,CASANOVAS BILLIARDS,QUEENS,102-02,43 AVENUE,11368,7188077671,"Bottled beverages, including water, sodas, juices, etc.",06/06/2011,Violations were cited in the following area(s).,04L,Evidence of mice or live mice present in facility's food and/or non-food areas.,Critical,32,,,02/06/2016,Cycle Inspection / Initial Inspection
41041594,THE DUGOUT,BRONX,880,RIVER AVENUE,10452,7185886912,American ,06/10/2011,Violations were cited in the following area(s).,04J,"Appropriately scaled metal stem-type thermometer or thermocouple not provided or used to evaluate temperatures of potentially hazardous foods during cooking, cooling, reheating and holding.",Critical,21,,,02/06/2016,Cycle Inspection / Initial Inspection
41041594,THE DUGOUT,BRONX,880,RIVER AVENUE,10452,7185886912,American ,06/10/2011,Violations were cited in the following area(s).,04H,"Raw, cooked or prepared food is adulterated, contaminated, cross-contaminated, or not discarded in accordance with HACCP plan.",Critical,21,,,02/06/2016,Cycle Inspection / Initial Inspection
41041594,THE DUGOUT,BRONX,880,RIVER AVENUE,10452,7185886912,American ,06/10/2011,Violations were cited in the following area(s).,06E,"Sanitized equipment or utensil, including in-use food dispensing utensil, improperly used or stored.",Critical,21,,,02/06/2016,Cycle Inspection / Initial Inspection
40924040,LORRI'S BIKINI LOUNGE,BROOKLYN,8922,AVENUE D,11236,7189270709,American ,06/28/2011,Violations were cited in the following area(s).,08A,Facility not vermin proof. Harborage or conditions conducive to attracting vermin to the premises and/or allowing vermin to exist.,Not Critical,48,,,02/06/2016,Cycle Inspection / Initial Inspection
40924040,LORRI'S BIKINI LOUNGE,BROOKLYN,8922,AVENUE D,11236,7189270709,American ,06/28/2011,Violations were cited in the following area(s).,05H,"No facilities available to wash, rinse and sanitize utensils and/or equipment.",Critical,48,,,02/06/2016,Cycle Inspection / Initial Inspection
40924040,LORRI'S BIKINI LOUNGE,BROOKLYN,8922,AVENUE D,11236,7189270709,American ,06/28/2011,Violations were cited in the following area(s).,05D,Hand washing facility not provided in or near food preparation area and toilet room. Hot and cold running water at adequate pressure to enable cleanliness of employees not provided at facility. Soap and an acceptable hand-drying device not provided.,Critical,48,,,02/06/2016,Cycle Inspection / Initial Inspection
40924040,LORRI'S BIKINI LOUNGE,BROOKLYN,8922,AVENUE D,11236,7189270709,American ,06/28/2011,Violations were cited in the following area(s).,04N,"Filth flies or food/refuse/sewage-associated (FRSA) flies present in facilitys food and/or non-food areas. Filth flies include house flies, little house flies, blow flies, bottle flies and flesh flies. Food/refuse/sewage-associated flies include fruit flies, drain flies and Phorid flies.",Critical,48,,,02/06/2016,Cycle Inspection / Initial Inspection
41391352,CASANOVAS BILLIARDS,QUEENS,102-02,43 AVENUE,11368,7188077671,"Bottled beverages, including water, sodas, juices, etc.",07/21/2011,Violations were cited in the following area(s).,10F,"Non-food contact surface improperly constructed. Unacceptable material used. Non-food contact surface or equipment improperly maintained and/or not properly sealed, raised, spaced or movable to allow accessibility for cleaning on all sides, above and underneath the unit.",Not Critical,15,B,07/21/2011,02/06/2016,Cycle Inspection / Re-inspection
41391352,CASANOVAS BILLIARDS,QUEENS,102-02,43 AVENUE,11368,7188077671,"Bottled beverages, including water, sodas, juices, etc.",07/21/2011,Violations were cited in the following area(s).,04N,"Filth flies or food/refuse/sewage-associated (FRSA) flies present in facilitys food and/or non-food areas. Filth flies include house flies, little house flies, blow flies, bottle flies and flesh flies. Food/refuse/sewage-associated flies include fruit flies, drain flies and Phorid flies.",Critical,15,B,07/21/2011,02/06/2016,Cycle Inspection / Re-inspection
41391352,CASANOVAS BILLIARDS,QUEENS,102-02,43 AVENUE,11368,7188077671,"Bottled beverages, including water, sodas, juices, etc.",07/21/2011,Violations were cited in the following area(s).,10H,Proper sanitization not provided for utensil ware washing operation.,Not Critical,15,B,07/21/2011,02/06/2016,Cycle Inspection / Re-inspection
41391352,CASANOVAS BILLIARDS,QUEENS,102-02,43 AVENUE,11368,7188077671,"Bottled beverages, including water, sodas, juices, etc.",07/21/2011,Violations were cited in the following area(s).,08A,Facility not vermin proof. Harborage or conditions conducive to attracting vermin to the premises and/or allowing vermin to exist.,Not Critical,15,B,07/21/2011,02/06/2016,Cycle Inspection / Re-inspection
41391352,CASANOVAS BILLIARDS,QUEENS,102-02,43 AVENUE,11368,7188077671,"Bottled beverages, including water, sodas, juices, etc.",07/21/2011,Violations were cited in the following area(s).,04L,Evidence of mice or live mice present in facility's food and/or non-food areas.,Critical,15,B,07/21/2011,02/06/2016,Cycle Inspection / Re-inspection
40924040,LORRI'S BIKINI LOUNGE,BROOKLYN,8922,AVENUE D,11236,7189270709,American ,07/21/2011,Violations were cited in the following area(s).,05D,Hand washing facility not provided in or near food preparation area and toilet room. Hot and cold running water at adequate pressure to enable cleanliness of employees not provided at facility. Soap and an acceptable hand-drying device not provided.,Critical,13,A,07/21/2011,02/06/2016,Cycle Inspection / Re-inspection
40924040,LORRI'S BIKINI LOUNGE,BROOKLYN,8922,AVENUE D,11236,7189270709,American ,07/21/2011,Violations were cited in the following area(s).,10F,"Non-food contact surface improperly constructed. Unacceptable material used. Non-food contact surface or equipment improperly maintained and/or not properly sealed, raised, spaced or movable to allow accessibility for cleaning on all sides, above and underneath the unit.",Not Critical,13,A,07/21/2011,02/06/2016,Cycle Inspection / Re-inspection
40482597,BROADWAY THEATRE,MANHATTAN,1681,BROADWAY,10019,2125867610,American ,07/21/2011,Violations were cited in the following area(s).,04H,"Raw, cooked or prepared food is adulterated, contaminated, cross-contaminated, or not discarded in accordance with HACCP plan.",Critical,18,B,07/21/2011,02/06/2016,Cycle Inspection / Re-inspection
40482597,BROADWAY THEATRE,MANHATTAN,1681,BROADWAY,10019,2125867610,American ,07/21/2011,Violations were cited in the following area(s).,08A,Facility not vermin proof. Harborage or conditions conducive to attracting vermin to the premises and/or allowing vermin to exist.,Not Critical,18,B,07/21/2011,02/06/2016,Cycle Inspection / Re-inspection
40482597,BROADWAY THEATRE,MANHATTAN,1681,BROADWAY,10019,2125867610,American ,07/21/2011,Violations were cited in the following area(s).,04L,Evidence of mice or live mice present in facility's food and/or non-food areas.,Critical,18,B,07/21/2011,02/06/2016,Cycle Inspection / Re-inspection
41467153,THE BLEND CAFE,BRONX,582       ,EAST FORDHAM ROAD                                                                                   ,10458,3475999424,American ,08/11/2011,Violations were cited in the following area(s).,10F,"Non-food contact surface improperly constructed. Unacceptable material used. Non-food contact surface or equipment improperly maintained and/or not properly sealed, raised, spaced or movable to allow accessibility for cleaning on all sides, above and underneath the unit.",Not Critical,9,A,08/11/2011,02/06/2016,Cycle Inspection / Re-inspection
41467153,THE BLEND CAFE,BRONX,582       ,EAST FORDHAM ROAD                                                                                   ,10458,3475999424,American ,08/11/2011,Violations were cited in the following area(s).,02G,Cold food item held above 41Âº F (smoked fish and reduced oxygen packaged foods above 38 ÂºF) except during necessary preparation.,Critical,9,A,08/11/2011,02/06/2016,Cycle Inspection / Re-inspection
40941055,CAFE 22,MANHATTAN,2309,7 AVENUE,10030,2122818500,Soul Food,09/16/2011,Violations were cited in the following area(s).,04H,"Raw, cooked or prepared food is adulterated, contaminated, cross-contaminated, or not discarded in accordance with HACCP plan.",Critical,10,A,09/16/2011,02/06/2016,Cycle Inspection / Re-inspection
40941055,CAFE 22,MANHATTAN,2309,7 AVENUE,10030,2122818500,Soul Food,09/16/2011,Violations were cited in the following area(s).,10F,"Non-food contact surface improperly constructed. Unacceptable material used. Non-food contact surface or equipment improperly maintained and/or not properly sealed, raised, spaced or movable to allow accessibility for cleaning on all sides, above and underneath the unit.",Not Critical,10,A,09/16/2011,02/06/2016,Cycle Inspection / Re-inspection
41041594,THE DUGOUT,BRONX,880,RIVER AVENUE,10452,7185886912,American ,09/20/2011,Violations were cited in the following area(s).,04N,"Filth flies or food/refuse/sewage-associated (FRSA) flies present in facilitys food and/or non-food areas. Filth flies include house flies, little house flies, blow flies, bottle flies and flesh flies. Food/refuse/sewage-associated flies include fruit flies, drain flies and Phorid flies.",Critical,26,B,09/20/2011,02/06/2016,Cycle Inspection / Re-inspection
41041594,THE DUGOUT,BRONX,880,RIVER AVENUE,10452,7185886912,American ,09/20/2011,Violations were cited in the following area(s).,08A,Facility not vermin proof. Harborage or conditions conducive to attracting vermin to the premises and/or allowing vermin to exist.,Not Critical,26,B,09/20/2011,02/06/2016,Cycle Inspection / Re-inspection
41041594,THE DUGOUT,BRONX,880,RIVER AVENUE,10452,7185886912,American ,09/20/2011,Violations were cited in the following area(s).,04L,Evidence of mice or live mice present in facility's food and/or non-food areas.,Critical,26,B,09/20/2011,02/06/2016,Cycle Inspection / Re-inspection
41041594,THE DUGOUT,BRONX,880,RIVER AVENUE,10452,7185886912,American ,09/20/2011,Violations were cited in the following area(s).,06A,Personal cleanliness inadequate. Outer garment soiled with possible contaminant.  Effective hair restraint not worn in an area where food is prepared.,Critical,26,B,09/20/2011,02/06/2016,Cycle Inspection / Re-inspection
41041594,THE DUGOUT,BRONX,880,RIVER AVENUE,10452,7185886912,American ,09/20/2011,Violations were cited in the following area(s).,05D,Hand washing facility not provided in or near food preparation area and toilet room. Hot and cold running water at adequate pressure to enable cleanliness of employees not provided at facility. Soap and an acceptable hand-drying device not provided.,Critical,26,B,09/20/2011,02/06/2016,Cycle Inspection / Re-inspection
40536591,PORTOBELLO CAFE,STATEN ISLAND,4221,HYLAND BLVD.,10308,7183562233,Italian,10/04/2011,Violations were cited in the following area(s).,04N,"Filth flies or food/refuse/sewage-associated (FRSA) flies present in facilitys food and/or non-food areas. Filth flies include house flies, little house flies, blow flies, bottle flies and flesh flies. Food/refuse/sewage-associated flies include fruit flies, drain flies and Phorid flies.",Critical,24,B,10/04/2011,02/06/2016,Cycle Inspection / Re-inspection
40536591,PORTOBELLO CAFE,STATEN ISLAND,4221,HYLAND BLVD.,10308,7183562233,Italian,10/04/2011,Violations were cited in the following area(s).,99B,Other general violation.,Not Critical,24,B,10/04/2011,02/06/2016,Cycle Inspection / Re-inspection
40536591,PORTOBELLO CAFE,STATEN ISLAND,4221,HYLAND BLVD.,10308,7183562233,Italian,10/04/2011,Violations were cited in the following area(s).,02G,Cold food item held above 41º F (smoked fish and reduced oxygen packaged foods above 38 ºF) except during necessary preparation.,Critical,24,B,10/04/2011,02/06/2016,Cycle Inspection / Re-inspection
40536591,PORTOBELLO CAFE,STATEN ISLAND,4221,HYLAND BLVD.,10308,7183562233,Italian,10/04/2011,Violations were cited in the following area(s).,08A,Facility not vermin proof. Harborage or conditions conducive to attracting vermin to the premises and/or allowing vermin to exist.,Not Critical,24,B,10/04/2011,02/06/2016,Cycle Inspection / Re-inspection
40392668,LUCYS,MANHATTAN,135,AVENUE A,10009,2126733824,American ,10/04/2011,Violations were cited in the following area(s).,10F,"Non-food contact surface improperly constructed. Unacceptable material used. Non-food contact surface or equipment improperly maintained and/or not properly sealed, raised, spaced or movable to allow accessibility for cleaning on all sides, above and underneath the unit.",Not Critical,2,A,10/04/2011,02/06/2016,Cycle Inspection / Re-inspection
41590819,ASIAN VIP LOUNGE,QUEENS,11000,ROCKAWAY BOULEVARD,11420,7182153308,American ,10/07/2011,Violations were cited in the following area(s).,06C,"Food not protected from potential source of contamination during storage, preparation, transportation, display or service.",Critical,10,,,02/06/2016,Pre-permit (Non-operational) / Initial Inspection
41590819,ASIAN VIP LOUNGE,QUEENS,11000,ROCKAWAY BOULEVARD,11420,7182153308,American ,10/07/2011,Violations were cited in the following area(s).,10F,"Non-food contact surface improperly constructed. Unacceptable material used. Non-food contact surface or equipment improperly maintained and/or not properly sealed, raised, spaced or movable to allow accessibility for cleaning on all sides, above and underneath the unit.",Not Critical,10,,,02/06/2016,Pre-permit (Non-operational) / Initial Inspection
41591310,STARBUCKS,QUEENS,11000,ROCKAWAY BOULEVARD,11420,6465881074,Pizza,10/07/2011,Violations were cited in the following area(s).,06C,"Food not protected from potential source of contamination during storage, preparation, transportation, display or service.",Critical,5,,,02/06/2016,Pre-permit (Non-operational) / Initial Inspection
41546465,SPICE,MANHATTAN,435,AMSTERDAM AVENUE,10024,2123625861,Thai,10/26/2011,Violations were cited in the following area(s).,02B,Hot food item not held at or above 140Âº F.,Critical,35,,,02/06/2016,Cycle Inspection / Initial Inspection
41546465,SPICE,MANHATTAN,435,AMSTERDAM AVENUE,10024,2123625861,Thai,10/26/2011,Violations were cited in the following area(s).,05D,Hand washing facility not provided in or near food preparation area and toilet room. Hot and cold running water at adequate pressure to enable cleanliness of employees not provided at facility. Soap and an acceptable hand-drying device not provided.,Critical,35,,,02/06/2016,Cycle Inspection / Initial Inspection
41546465,SPICE,MANHATTAN,435,AMSTERDAM AVENUE,10024,2123625861,Thai,10/26/2011,Violations were cited in the following area(s).,06C,"Food not protected from potential source of contamination during storage, preparation, transportation, display or service.",Critical,35,,,02/06/2016,Cycle Inspection / Initial Inspection
41546465,SPICE,MANHATTAN,435,AMSTERDAM AVENUE,10024,2123625861,Thai,10/26/2011,Violations were cited in the following area(s).,04N,"Filth flies or food/refuse/sewage-associated (FRSA) flies present in facilitys food and/or non-food areas. Filth flies include house flies, little house flies, blow flies, bottle flies and flesh flies. Food/refuse/sewage-associated flies include fruit flies, drain flies and Phorid flies.",Critical,35,,,02/06/2016,Cycle Inspection / Initial Inspection
41142211,TELEPAN,MANHATTAN,7274,WEST 69 STREET,10023,2125804300,American ,11/01/2011,Violations were cited in the following area(s).,04H,"Raw, cooked or prepared food is adulterated, contaminated, cross-contaminated, or not discarded in accordance with HACCP plan.",Critical,28,,,02/06/2016,Cycle Inspection / Initial Inspection
41142211,TELEPAN,MANHATTAN,7274,WEST 69 STREET,10023,2125804300,American ,11/01/2011,Violations were cited in the following area(s).,10F,"Non-food contact surface improperly constructed. Unacceptable material used. Non-food contact surface or equipment improperly maintained and/or not properly sealed, raised, spaced or movable to allow accessibility for cleaning on all sides, above and underneath the unit.",Not Critical,28,,,02/06/2016,Cycle Inspection / Initial Inspection
41142211,TELEPAN,MANHATTAN,7274,WEST 69 STREET,10023,2125804300,American ,11/01/2011,Violations were cited in the following area(s).,08A,Facility not vermin proof. Harborage or conditions conducive to attracting vermin to the premises and/or allowing vermin to exist.,Not Critical,28,,,02/06/2016,Cycle Inspection / Initial Inspection
41142211,TELEPAN,MANHATTAN,7274,WEST 69 STREET,10023,2125804300,American ,11/01/2011,Violations were cited in the following area(s).,04L,Evidence of mice or live mice present in facility's food and/or non-food areas.,Critical,28,,,02/06/2016,Cycle Inspection / Initial Inspection
41142211,TELEPAN,MANHATTAN,7274,WEST 69 STREET,10023,2125804300,American ,11/01/2011,Violations were cited in the following area(s).,04N,"Filth flies or food/refuse/sewage-associated (FRSA) flies present in facilitys food and/or non-food areas. Filth flies include house flies, little house flies, blow flies, bottle flies and flesh flies. Food/refuse/sewage-associated flies include fruit flies, drain flies and Phorid flies.",Critical,28,,,02/06/2016,Cycle Inspection / Initial Inspection
41142211,TELEPAN,MANHATTAN,7274,WEST 69 STREET,10023,2125804300,American ,11/01/2011,Violations were cited in the following area(s).,06D,"Food contact surface not properly washed, rinsed and sanitized after each use and following any activity when contamination may have occurred.",Critical,28,,,02/06/2016,Cycle Inspection / Initial Inspection
41531136,AUGUST WILSON THEATRE,MANHATTAN,245,WEST   52 STREET,10019,2125825472,American ,11/02/2011,Violations were cited in the following area(s).,10B,Plumbing not properly installed or maintained; anti-siphonage or backflow prevention device not provided where required; equipment or floor not properly drained; sewage disposal system in disrepair or not functioning properly.,Not Critical,2,A,11/02/2011,02/06/2016,Cycle Inspection / Re-inspection
41175457,WINE AND ROSES BAR AND CAFE,MANHATTAN,286,COLUMBUS AVENUE,10023,2125799463,American ,11/02/2011,Violations were cited in the following area(s).,06F,Wiping cloths soiled or not stored in sanitizing solution.,Critical,26,B,11/02/2011,02/06/2016,Cycle Inspection / Re-inspection
41175457,WINE AND ROSES BAR AND CAFE,MANHATTAN,286,COLUMBUS AVENUE,10023,2125799463,American ,11/02/2011,Violations were cited in the following area(s).,09C,Food contact surface not properly maintained.,Not Critical,26,B,11/02/2011,02/06/2016,Cycle Inspection / Re-inspection
41175457,WINE AND ROSES BAR AND CAFE,MANHATTAN,286,COLUMBUS AVENUE,10023,2125799463,American ,11/02/2011,Violations were cited in the following area(s).,06C,"Food not protected from potential source of contamination during storage, preparation, transportation, display or service.",Critical,26,B,11/02/2011,02/06/2016,Cycle Inspection / Re-inspection
41175457,WINE AND ROSES BAR AND CAFE,MANHATTAN,286,COLUMBUS AVENUE,10023,2125799463,American ,11/02/2011,Violations were cited in the following area(s).,10F,"Non-food contact surface improperly constructed. Unacceptable material used. Non-food contact surface or equipment improperly maintained and/or not properly sealed, raised, spaced or movable to allow accessibility for cleaning on all sides, above and underneath the unit.",Not Critical,26,B,11/02/2011,02/06/2016,Cycle Inspection / Re-inspection
41175457,WINE AND ROSES BAR AND CAFE,MANHATTAN,286,COLUMBUS AVENUE,10023,2125799463,American ,11/02/2011,Violations were cited in the following area(s).,08C,Pesticide use not in accordance with label or applicable laws. Prohibited chemical used/stored. Open bait station used.,Not Critical,26,B,11/02/2011,02/06/2016,Cycle Inspection / Re-inspection
41175457,WINE AND ROSES BAR AND CAFE,MANHATTAN,286,COLUMBUS AVENUE,10023,2125799463,American ,11/02/2011,Violations were cited in the following area(s).,02G,Cold food item held above 41Âº F (smoked fish and reduced oxygen packaged foods above 38 ÂºF) except during necessary preparation.,Critical,26,B,11/02/2011,02/06/2016,Cycle Inspection / Re-inspection
40397029,ANGELO'S PIZZERIA/MIMMO'S RESTAURANT,STATEN ISLAND,6,SNEDEN AVE,10312,7183564233,Pizza/Italian,11/03/2011,Violations were cited in the following area(s).,10D,"Mechanical or natural ventilation system not provided, improperly installed, in disrepair and/or fails to prevent excessive build-up of grease, heat, steam condensation vapors, odors, smoke, and fumes.",Not Critical,23,B,11/03/2011,02/06/2016,Cycle Inspection / Re-inspection
40397029,ANGELO'S PIZZERIA/MIMMO'S RESTAURANT,STATEN ISLAND,6,SNEDEN AVE,10312,7183564233,Pizza/Italian,11/03/2011,Violations were cited in the following area(s).,08A,Facility not vermin proof. Harborage or conditions conducive to attracting vermin to the premises and/or allowing vermin to exist.,Not Critical,23,B,11/03/2011,02/06/2016,Cycle Inspection / Re-inspection
40397029,ANGELO'S PIZZERIA/MIMMO'S RESTAURANT,STATEN ISLAND,6,SNEDEN AVE,10312,7183564233,Pizza/Italian,11/03/2011,Violations were cited in the following area(s).,04L,Evidence of mice or live mice present in facility's food and/or non-food areas.,Critical,23,B,11/03/2011,02/06/2016,Cycle Inspection / Re-inspection
40397029,ANGELO'S PIZZERIA/MIMMO'S RESTAURANT,STATEN ISLAND,6,SNEDEN AVE,10312,7183564233,Pizza/Italian,11/03/2011,Violations were cited in the following area(s).,02G,Cold food item held above 41º F (smoked fish and reduced oxygen packaged foods above 38 ºF) except during necessary preparation.,Critical,23,B,11/03/2011,02/06/2016,Cycle Inspection / Re-inspection
40397029,ANGELO'S PIZZERIA/MIMMO'S RESTAURANT,STATEN ISLAND,6,SNEDEN AVE,10312,7183564233,Pizza/Italian,11/03/2011,Violations were cited in the following area(s).,10F,"Non-food contact surface improperly constructed. Unacceptable material used. Non-food contact surface or equipment improperly maintained and/or not properly sealed, raised, spaced or movable to allow accessibility for cleaning on all sides, above and underneath the unit.",Not Critical,23,B,11/03/2011,02/06/2016,Cycle Inspection / Re-inspection
40397029,ANGELO'S PIZZERIA/MIMMO'S RESTAURANT,STATEN ISLAND,6,SNEDEN AVE,10312,7183564233,Pizza/Italian,11/03/2011,Violations were cited in the following area(s).,10B,Plumbing not properly installed or maintained; anti-siphonage or backflow prevention device not provided where required; equipment or floor not properly drained; sewage disposal system in disrepair or not functioning properly.,Not Critical,23,B,11/03/2011,02/06/2016,Cycle Inspection / Re-inspection
41319697,GHENET BROOKLYN,BROOKLYN,348,DOUGLASS STREET,11217,7182304475,Ethiopian,11/09/2011,Violations were cited in the following area(s).,04M,Live roaches present in facility's food and/or non-food areas.,Critical,26,,,02/06/2016,Cycle Inspection / Initial Inspection
41319697,GHENET BROOKLYN,BROOKLYN,348,DOUGLASS STREET,11217,7182304475,Ethiopian,11/09/2011,Violations were cited in the following area(s).,10F,"Non-food contact surface improperly constructed. Unacceptable material used. Non-food contact surface or equipment improperly maintained and/or not properly sealed, raised, spaced or movable to allow accessibility for cleaning on all sides, above and underneath the unit.",Not Critical,26,,,02/06/2016,Cycle Inspection / Initial Inspection
41319697,GHENET BROOKLYN,BROOKLYN,348,DOUGLASS STREET,11217,7182304475,Ethiopian,11/09/2011,Violations were cited in the following area(s).,04H,"Raw, cooked or prepared food is adulterated, contaminated, cross-contaminated, or not discarded in accordance with HACCP plan.",Critical,26,,,02/06/2016,Cycle Inspection / Initial Inspection
41567090,SHOGA-SUSHI & OYSTER BAR,MANHATTAN,1698,2 AVENUE,10128,2128768836,Chinese,11/15/2011,No violations were recorded at the time of this inspection.,,,Not Applicable,,,,02/06/2016,Trans Fat / Initial Inspection
41567090,SHOGA-SUSHI & OYSTER BAR,MANHATTAN,1698,2 AVENUE,10128,2128768836,Chinese,11/15/2011,Violations were cited in the following area(s).,08A,Facility not vermin proof. Harborage or conditions conducive to attracting vermin to the premises and/or allowing vermin to exist.,Not Critical,26,,,02/06/2016,Cycle Inspection / Initial Inspection
41567090,SHOGA-SUSHI & OYSTER BAR,MANHATTAN,1698,2 AVENUE,10128,2128768836,Chinese,11/15/2011,Violations were cited in the following area(s).,04M,Live roaches present in facility's food and/or non-food areas.,Critical,26,,,02/06/2016,Cycle Inspection / Initial Inspection
41567090,SHOGA-SUSHI & OYSTER BAR,MANHATTAN,1698,2 AVENUE,10128,2128768836,Chinese,11/15/2011,Violations were cited in the following area(s).,04K,Evidence of rats or live rats present in facility's food and/or non-food areas.,Critical,26,,,02/06/2016,Cycle Inspection / Initial Inspection
41567090,SHOGA-SUSHI & OYSTER BAR,MANHATTAN,1698,2 AVENUE,10128,2128768836,Chinese,11/15/2011,Violations were cited in the following area(s).,02G,Cold food item held above 41Âº F (smoked fish and reduced oxygen packaged foods above 38 ÂºF) except during necessary preparation.,Critical,26,,,02/06/2016,Cycle Inspection / Initial Inspection
41567090,SHOGA-SUSHI & OYSTER BAR,MANHATTAN,1698,2 AVENUE,10128,2128768836,Chinese,11/15/2011,Violations were cited in the following area(s).,02B,Hot food item not held at or above 140Âº F.,Critical,26,,,02/06/2016,Cycle Inspection / Initial Inspection
40482597,BROADWAY THEATRE,MANHATTAN,1681,BROADWAY,10019,2125867610,American ,11/15/2011,Violations were cited in the following area(s).,08A,Facility not vermin proof. Harborage or conditions conducive to attracting vermin to the premises and/or allowing vermin to exist.,Not Critical,29,,,02/06/2016,Cycle Inspection / Initial Inspection
40482597,BROADWAY THEATRE,MANHATTAN,1681,BROADWAY,10019,2125867610,American ,11/15/2011,Violations were cited in the following area(s).,04L,Evidence of mice or live mice present in facility's food and/or non-food areas.,Critical,29,,,02/06/2016,Cycle Inspection / Initial Inspection
40482597,BROADWAY THEATRE,MANHATTAN,1681,BROADWAY,10019,2125867610,American ,11/15/2011,Violations were cited in the following area(s).,20F,Current letter grade card not posted.,Not Critical,,,,02/06/2016,Administrative Miscellaneous / Initial Inspection
40482597,BROADWAY THEATRE,MANHATTAN,1681,BROADWAY,10019,2125867610,American ,11/15/2011,Violations were cited in the following area(s).,06D,"Food contact surface not properly washed, rinsed and sanitized after each use and following any activity when contamination may have occurred.",Critical,29,,,02/06/2016,Cycle Inspection / Initial Inspection
40482597,BROADWAY THEATRE,MANHATTAN,1681,BROADWAY,10019,2125867610,American ,11/15/2011,Violations were cited in the following area(s).,10F,"Non-food contact surface improperly constructed. Unacceptable material used. Non-food contact surface or equipment improperly maintained and/or not properly sealed, raised, spaced or movable to allow accessibility for cleaning on all sides, above and underneath the unit.",Not Critical,29,,,02/06/2016,Cycle Inspection / Initial Inspection
40761108,MY MOTHER'S PLACE,QUEENS,10436,ROCKAWAY BLVD,11417,7186418076,"Ice Cream, Gelato, Yogurt, Ices",11/17/2011,Violations were cited in the following area(s).,08A,Facility not vermin proof. Harborage or conditions conducive to attracting vermin to the premises and/or allowing vermin to exist.,Not Critical,11,A,11/17/2011,02/06/2016,Cycle Inspection / Initial Inspection
40761108,MY MOTHER'S PLACE,QUEENS,10436,ROCKAWAY BLVD,11417,7186418076,"Ice Cream, Gelato, Yogurt, Ices",11/17/2011,Violations were cited in the following area(s).,04L,Evidence of mice or live mice present in facility's food and/or non-food areas.,Critical,11,A,11/17/2011,02/06/2016,Cycle Inspection / Initial Inspection
40761108,MY MOTHER'S PLACE,QUEENS,10436,ROCKAWAY BLVD,11417,7186418076,"Ice Cream, Gelato, Yogurt, Ices",11/17/2011,Violations were cited in the following area(s).,08C,Pesticide use not in accordance with label or applicable laws. Prohibited chemical used/stored. Open bait station used.,Not Critical,11,A,11/17/2011,02/06/2016,Cycle Inspection / Initial Inspection
41467153,THE BLEND CAFE,BRONX,582       ,EAST FORDHAM ROAD                                                                                   ,10458,3475999424,American ,11/22/2011,Violations were cited in the following area(s).,06E,"Sanitized equipment or utensil, including in-use food dispensing utensil, improperly used or stored.",Critical,7,A,11/22/2011,02/06/2016,Cycle Inspection / Initial Inspection
41472439,SAINT ANSELM,BROOKLYN,355,METROPOLITAN AVENUE,11211,7183845054,American ,11/22/2011,Violations were cited in the following area(s).,10H,Proper sanitization not provided for utensil ware washing operation.,Not Critical,15,,,02/06/2016,Cycle Inspection / Initial Inspection
41472439,SAINT ANSELM,BROOKLYN,355,METROPOLITAN AVENUE,11211,7183845054,American ,11/22/2011,Violations were cited in the following area(s).,06D,"Food contact surface not properly washed, rinsed and sanitized after each use and following any activity when contamination may have occurred.",Critical,15,,,02/06/2016,Cycle Inspection / Initial Inspection
41472439,SAINT ANSELM,BROOKLYN,355,METROPOLITAN AVENUE,11211,7183845054,American ,11/22/2011,Violations were cited in the following area(s).,06C,"Food not protected from potential source of contamination during storage, preparation, transportation, display or service.",Critical,15,,,02/06/2016,Cycle Inspection / Initial Inspection
41467153,THE BLEND CAFE,BRONX,582       ,EAST FORDHAM ROAD                                                                                   ,10458,3475999424,American ,11/22/2011,Violations were cited in the following area(s).,10A,"Toilet facility not maintained and provided with toilet paper, waste receptacle and self-closing door.",Not Critical,7,A,11/22/2011,02/06/2016,Cycle Inspection / Initial Inspection
41051001,FIORE DIMARE,STATEN ISLAND,227,MANSION AVENUE,10308,7182279771,Italian,11/22/2011,Violations were cited in the following area(s).,05D,Hand washing facility not provided in or near food preparation area and toilet room. Hot and cold running water at adequate pressure to enable cleanliness of employees not provided at facility. Soap and an acceptable hand-drying device not provided.,Critical,12,A,11/22/2011,02/06/2016,Cycle Inspection / Re-inspection
41051001,FIORE DIMARE,STATEN ISLAND,227,MANSION AVENUE,10308,7182279771,Italian,11/22/2011,Violations were cited in the following area(s).,10F,"Non-food contact surface improperly constructed. Unacceptable material used. Non-food contact surface or equipment improperly maintained and/or not properly sealed, raised, spaced or movable to allow accessibility for cleaning on all sides, above and underneath the unit.",Not Critical,12,A,11/22/2011,02/06/2016,Cycle Inspection / Re-inspection
40553409,HAPPY FORTUNE,STATEN ISLAND,1022,ROSSVILLE AVE,10309,7189841168,Chinese,11/22/2011,Violations were cited in the following area(s).,06E,"Sanitized equipment or utensil, including in-use food dispensing utensil, improperly used or stored.",Critical,22,,,02/06/2016,Cycle Inspection / Initial Inspection
40553409,HAPPY FORTUNE,STATEN ISLAND,1022,ROSSVILLE AVE,10309,7189841168,Chinese,11/22/2011,Violations were cited in the following area(s).,02G,Cold food item held above 41º F (smoked fish and reduced oxygen packaged foods above 38 ºF) except during necessary preparation.,Critical,22,,,02/06/2016,Cycle Inspection / Initial Inspection
40553409,HAPPY FORTUNE,STATEN ISLAND,1022,ROSSVILLE AVE,10309,7189841168,Chinese,11/22/2011,Violations were cited in the following area(s).,06C,"Food not protected from potential source of contamination during storage, preparation, transportation, display or service.",Critical,22,,,02/06/2016,Cycle Inspection / Initial Inspection
40553409,HAPPY FORTUNE,STATEN ISLAND,1022,ROSSVILLE AVE,10309,7189841168,Chinese,11/22/2011,Violations were cited in the following area(s).,10F,"Non-food contact surface improperly constructed. Unacceptable material used. Non-food contact surface or equipment improperly maintained and/or not properly sealed, raised, spaced or movable to allow accessibility for cleaning on all sides, above and underneath the unit.",Not Critical,22,,,02/06/2016,Cycle Inspection / Initial Inspection
41561140,COTTA,MANHATTAN,513,COLUMBUS AVENUE,10024,2128738500,Italian,11/23/2011,Violations were cited in the following area(s).,10B,Plumbing not properly installed or maintained; anti-siphonage or backflow prevention device not provided where required; equipment or floor not properly drained; sewage disposal system in disrepair or not functioning properly.,Not Critical,12,A,11/23/2011,02/06/2016,Cycle Inspection / Initial Inspection
41561140,COTTA,MANHATTAN,513,COLUMBUS AVENUE,10024,2128738500,Italian,11/23/2011,Violations were cited in the following area(s).,08A,Facility not vermin proof. Harborage or conditions conducive to attracting vermin to the premises and/or allowing vermin to exist.,Not Critical,12,A,11/23/2011,02/06/2016,Cycle Inspection / Initial Inspection
41561140,COTTA,MANHATTAN,513,COLUMBUS AVENUE,10024,2128738500,Italian,11/23/2011,Violations were cited in the following area(s).,04L,Evidence of mice or live mice present in facility's food and/or non-food areas.,Critical,12,A,11/23/2011,02/06/2016,Cycle Inspection / Initial Inspection
41546465,SPICE,MANHATTAN,435,AMSTERDAM AVENUE,10024,2123625861,Thai,11/23/2011,Violations were cited in the following area(s).,08A,Facility not vermin proof. Harborage or conditions conducive to attracting vermin to the premises and/or allowing vermin to exist.,Not Critical,10,A,11/23/2011,02/06/2016,Cycle Inspection / Re-inspection
41546465,SPICE,MANHATTAN,435,AMSTERDAM AVENUE,10024,2123625861,Thai,11/23/2011,Violations were cited in the following area(s).,04N,"Filth flies or food/refuse/sewage-associated (FRSA) flies present in facilitys food and/or non-food areas. Filth flies include house flies, little house flies, blow flies, bottle flies and flesh flies. Food/refuse/sewage-associated flies include fruit flies, drain flies and Phorid flies.",Critical,10,A,11/23/2011,02/06/2016,Cycle Inspection / Re-inspection
41574344,Almanac,MANHATTAN,28,7 AVENUE SOUTH,10014,2129327566,French,11/25/2011,Violations were cited in the following area(s).,10F,"Non-food contact surface improperly constructed. Unacceptable material used. Non-food contact surface or equipment improperly maintained and/or not properly sealed, raised, spaced or movable to allow accessibility for cleaning on all sides, above and underneath the unit.",Not Critical,6,A,11/25/2011,02/06/2016,Cycle Inspection / Initial Inspection
41574344,Almanac,MANHATTAN,28,7 AVENUE SOUTH,10014,2129327566,French,11/25/2011,Violations were cited in the following area(s).,09C,Food contact surface not properly maintained.,Not Critical,6,A,11/25/2011,02/06/2016,Cycle Inspection / Initial Inspection
40868689,PITA PAN CAFE,MANHATTAN,273,8 AVENUE,10011,2123373071,Middle Eastern,11/28/2011,Violations were cited in the following area(s).,08A,Facility not vermin proof. Harborage or conditions conducive to attracting vermin to the premises and/or allowing vermin to exist.,Not Critical,38,,,02/06/2016,Cycle Inspection / Initial Inspection
40868689,PITA PAN CAFE,MANHATTAN,273,8 AVENUE,10011,2123373071,Middle Eastern,11/28/2011,Violations were cited in the following area(s).,04M,Live roaches present in facility's food and/or non-food areas.,Critical,38,,,02/06/2016,Cycle Inspection / Initial Inspection
41567090,SHOGA-SUSHI & OYSTER BAR,MANHATTAN,1698,2 AVENUE,10128,2128768836,Chinese,11/29/2011,Violations were cited in the following area(s).,08A,Facility not vermin proof. Harborage or conditions conducive to attracting vermin to the premises and/or allowing vermin to exist.,Not Critical,27,B,11/29/2011,02/06/2016,Cycle Inspection / Re-inspection
41567090,SHOGA-SUSHI & OYSTER BAR,MANHATTAN,1698,2 AVENUE,10128,2128768836,Chinese,11/29/2011,Violations were cited in the following area(s).,04L,Evidence of mice or live mice present in facility's food and/or non-food areas.,Critical,27,B,11/29/2011,02/06/2016,Cycle Inspection / Re-inspection
41567090,SHOGA-SUSHI & OYSTER BAR,MANHATTAN,1698,2 AVENUE,10128,2128768836,Chinese,11/29/2011,Violations were cited in the following area(s).,04H,"Raw, cooked or prepared food is adulterated, contaminated, cross-contaminated, or not discarded in accordance with HACCP plan.",Critical,27,B,11/29/2011,02/06/2016,Cycle Inspection / Re-inspection
41567090,SHOGA-SUSHI & OYSTER BAR,MANHATTAN,1698,2 AVENUE,10128,2128768836,Chinese,11/29/2011,Violations were cited in the following area(s).,05D,Hand washing facility not provided in or near food preparation area and toilet room. Hot and cold running water at adequate pressure to enable cleanliness of employees not provided at facility. Soap and an acceptable hand-drying device not provided.,Critical,27,B,11/29/2011,02/06/2016,Cycle Inspection / Re-inspection
41570645,WASAN,MANHATTAN,108,EAST 4 STREET,10003,2127771978,Japanese,11/29/2011,Violations were cited in the following area(s).,04L,Evidence of mice or live mice present in facility's food and/or non-food areas.,Critical,13,A,11/29/2011,02/06/2016,Cycle Inspection / Re-inspection
41570645,WASAN,MANHATTAN,108,EAST 4 STREET,10003,2127771978,Japanese,11/29/2011,Violations were cited in the following area(s).,04H,"Raw, cooked or prepared food is adulterated, contaminated, cross-contaminated, or not discarded in accordance with HACCP plan.",Critical,13,A,11/29/2011,02/06/2016,Cycle Inspection / Re-inspection
41316656,I SODI,MANHATTAN,105,CHRISTOPHER STREET,10014,2124145774,Italian,11/29/2011,Violations were cited in the following area(s).,06D,"Food contact surface not properly washed, rinsed and sanitized after each use and following any activity when contamination may have occurred.",Critical,44,,,02/06/2016,Cycle Inspection / Initial Inspection
41316656,I SODI,MANHATTAN,105,CHRISTOPHER STREET,10014,2124145774,Italian,11/29/2011,Violations were cited in the following area(s).,10H,Proper sanitization not provided for utensil ware washing operation.,Not Critical,44,,,02/06/2016,Cycle Inspection / Initial Inspection
41316656,I SODI,MANHATTAN,105,CHRISTOPHER STREET,10014,2124145774,Italian,11/29/2011,Violations were cited in the following area(s).,10B,Plumbing not properly installed or maintained; anti-siphonage or backflow prevention device not provided where required; equipment or floor not properly drained; sewage disposal system in disrepair or not functioning properly.,Not Critical,44,,,02/06/2016,Cycle Inspection / Initial Inspection
41316656,I SODI,MANHATTAN,105,CHRISTOPHER STREET,10014,2124145774,Italian,11/29/2011,Violations were cited in the following area(s).,10E,Accurate thermometer not provided in refrigerated or hot holding equipment.,Not Critical,44,,,02/06/2016,Cycle Inspection / Initial Inspection
41316656,I SODI,MANHATTAN,105,CHRISTOPHER STREET,10014,2124145774,Italian,11/29/2011,Violations were cited in the following area(s).,99B,Other general violation.,Not Critical,44,,,02/06/2016,Cycle Inspection / Initial Inspection
41630749,CLOW & CLOVER,BROOKLYN,291       ,KENT AVENUE                                       ,11249,7187828810,American ,11/30/2011,Violations were cited in the following area(s).,10A,"Toilet facility not maintained and provided with toilet paper, waste receptacle and self-closing door.",Not Critical,4,,,02/06/2016,Pre-permit (Non-operational) / Initial Inspection
41630749,CLOW & CLOVER,BROOKLYN,291       ,KENT AVENUE                                       ,11249,7187828810,American ,11/30/2011,Violations were cited in the following area(s).,10F,"Non-food contact surface improperly constructed. Unacceptable material used. Non-food contact surface or equipment improperly maintained and/or not properly sealed, raised, spaced or movable to allow accessibility for cleaning on all sides, above and underneath the unit.",Not Critical,4,,,02/06/2016,Pre-permit (Non-operational) / Initial Inspection
40854101,LORENZOS BAR & GRILL (HILTON GARDEN),STATEN ISLAND,1100,SOUTH AVENUE,10314,7184772400,American ,11/30/2011,Violations were cited in the following area(s).,02G,Cold food item held above 41º F (smoked fish and reduced oxygen packaged foods above 38 ºF) except during necessary preparation.,Critical,14,,,02/06/2016,Cycle Inspection / Initial Inspection
40854101,LORENZOS BAR & GRILL (HILTON GARDEN),STATEN ISLAND,1100,SOUTH AVENUE,10314,7184772400,American ,11/30/2011,Violations were cited in the following area(s).,10F,"Non-food contact surface improperly constructed. Unacceptable material used. Non-food contact surface or equipment improperly maintained and/or not properly sealed, raised, spaced or movable to allow accessibility for cleaning on all sides, above and underneath the unit.",Not Critical,14,,,02/06/2016,Cycle Inspection / Initial Inspection
40854101,LORENZOS BAR & GRILL (HILTON GARDEN),STATEN ISLAND,1100,SOUTH AVENUE,10314,7184772400,American ,11/30/2011,Violations were cited in the following area(s).,06A,Personal cleanliness inadequate. Outer garment soiled with possible contaminant.  Effective hair restraint not worn in an area where food is prepared.,Critical,14,,,02/06/2016,Cycle Inspection / Initial Inspection
40576044,CIPRIANI DOWNTOWN RESTAURANT,MANHATTAN,376,WEST BROADWAY,10012,2123430999,Italian,11/30/2011,Violations were cited in the following area(s).,04L,Evidence of mice or live mice present in facility's food and/or non-food areas.,Critical,29,,,02/06/2016,Cycle Inspection / Initial Inspection
40576044,CIPRIANI DOWNTOWN RESTAURANT,MANHATTAN,376,WEST BROADWAY,10012,2123430999,Italian,11/30/2011,Violations were cited in the following area(s).,10B,Plumbing not properly installed or maintained; anti-siphonage or backflow prevention device not provided where required; equipment or floor not properly drained; sewage disposal system in disrepair or not functioning properly.,Not Critical,29,,,02/06/2016,Cycle Inspection / Initial Inspection
40576044,CIPRIANI DOWNTOWN RESTAURANT,MANHATTAN,376,WEST BROADWAY,10012,2123430999,Italian,11/30/2011,Violations were cited in the following area(s).,02G,Cold food item held above 41º F (smoked fish and reduced oxygen packaged foods above 38 ºF) except during necessary preparation.,Critical,29,,,02/06/2016,Cycle Inspection / Initial Inspection
41216071,DJ'S BAR & GRILL,BROOKLYN,480       ,CHESTER STREET                                    ,11212,9173272702,Caribbean,12/01/2011,Violations were cited in the following area(s).,04L,Evidence of mice or live mice present in facility's food and/or non-food areas.,Critical,23,,,02/06/2016,Cycle Inspection / Initial Inspection
41216071,DJ'S BAR & GRILL,BROOKLYN,480       ,CHESTER STREET                                    ,11212,9173272702,Caribbean,12/01/2011,Violations were cited in the following area(s).,10H,Proper sanitization not provided for utensil ware washing operation.,Not Critical,23,,,02/06/2016,Cycle Inspection / Initial Inspection
41216071,DJ'S BAR & GRILL,BROOKLYN,480       ,CHESTER STREET                                    ,11212,9173272702,Caribbean,12/01/2011,Violations were cited in the following area(s).,08A,Facility not vermin proof. Harborage or conditions conducive to attracting vermin to the premises and/or allowing vermin to exist.,Not Critical,23,,,02/06/2016,Cycle Inspection / Initial Inspection
41216071,DJ'S BAR & GRILL,BROOKLYN,480       ,CHESTER STREET                                    ,11212,9173272702,Caribbean,12/01/2011,Violations were cited in the following area(s).,05D,Hand washing facility not provided in or near food preparation area and toilet room. Hot and cold running water at adequate pressure to enable cleanliness of employees not provided at facility. Soap and an acceptable hand-drying device not provided.,Critical,23,,,02/06/2016,Cycle Inspection / Initial Inspection
41216071,DJ'S BAR & GRILL,BROOKLYN,480       ,CHESTER STREET                                    ,11212,9173272702,Caribbean,12/01/2011,Violations were cited in the following area(s).,04N,"Filth flies or food/refuse/sewage-associated (FRSA) flies present in facilitys food and/or non-food areas. Filth flies include house flies, little house flies, blow flies, bottle flies and flesh flies. Food/refuse/sewage-associated flies include fruit flies, drain flies and Phorid flies.",Critical,23,,,02/06/2016,Cycle Inspection / Initial Inspection
41158265,DEJAVU RESTAURANT,BROOKLYN,262,KINGS HIGHWAY,11223,7183330037,Russian,12/01/2011,Violations were cited in the following area(s).,08A,Facility not vermin proof. Harborage or conditions conducive to attracting vermin to the premises and/or allowing vermin to exist.,Not Critical,10,A,12/01/2011,02/06/2016,Cycle Inspection / Initial Inspection
41158265,DEJAVU RESTAURANT,BROOKLYN,262,KINGS HIGHWAY,11223,7183330037,Russian,12/01/2011,Violations were cited in the following area(s).,04N,"Filth flies or food/refuse/sewage-associated (FRSA) flies present in facilitys food and/or non-food areas. Filth flies include house flies, little house flies, blow flies, bottle flies and flesh flies. Food/refuse/sewage-associated flies include fruit flies, drain flies and Phorid flies.",Critical,10,A,12/01/2011,02/06/2016,Cycle Inspection / Initial Inspection
41490270,BROADWAY THAI @TOM & TOON,MANHATTAN,245,WEST   51 STREET,10019,2122264565,Thai,12/02/2011,Violations were cited in the following area(s).,06E,"Sanitized equipment or utensil, including in-use food dispensing utensil, improperly used or stored.",Critical,9,A,12/02/2011,02/06/2016,Cycle Inspection / Re-inspection
41490270,BROADWAY THAI @TOM & TOON,MANHATTAN,245,WEST   51 STREET,10019,2122264565,Thai,12/02/2011,Violations were cited in the following area(s).,10F,"Non-food contact surface improperly constructed. Unacceptable material used. Non-food contact surface or equipment improperly maintained and/or not properly sealed, raised, spaced or movable to allow accessibility for cleaning on all sides, above and underneath the unit.",Not Critical,9,A,12/02/2011,02/06/2016,Cycle Inspection / Re-inspection
41142211,TELEPAN,MANHATTAN,7274,WEST 69 STREET,10023,2125804300,American ,12/02/2011,Violations were cited in the following area(s).,02G,Cold food item held above 41Âº F (smoked fish and reduced oxygen packaged foods above 38 ÂºF) except during necessary preparation.,Critical,12,A,12/02/2011,02/06/2016,Cycle Inspection / Re-inspection
41142211,TELEPAN,MANHATTAN,7274,WEST 69 STREET,10023,2125804300,American ,12/02/2011,Violations were cited in the following area(s).,06D,"Food contact surface not properly washed, rinsed and sanitized after each use and following any activity when contamination may have occurred.",Critical,12,A,12/02/2011,02/06/2016,Cycle Inspection / Re-inspection
40950507,YUMMY SUSHI,MANHATTAN,30,ROCKFEELLER PLAZA,10020,2124592100,Japanese,12/05/2011,Violations were cited in the following area(s).,02B,Hot food item not held at or above 140º F.,Critical,21,,,02/06/2016,Cycle Inspection / Compliance Inspection
40950507,YUMMY SUSHI,MANHATTAN,30,ROCKFEELLER PLAZA,10020,2124592100,Japanese,12/05/2011,Violations were cited in the following area(s).,09A,Canned food product observed dented and not segregated from other consumable food items.,Not Critical,21,,,02/06/2016,Cycle Inspection / Compliance Inspection
40868689,PITA PAN CAFE,MANHATTAN,273,8 AVENUE,10011,2123373071,Middle Eastern,12/05/2011,Violations were cited in the following area(s).,10F,"Non-food contact surface improperly constructed. Unacceptable material used. Non-food contact surface or equipment improperly maintained and/or not properly sealed, raised, spaced or movable to allow accessibility for cleaning on all sides, above and underneath the unit.",Not Critical,12,A,12/05/2011,02/06/2016,Cycle Inspection / Re-inspection
40868689,PITA PAN CAFE,MANHATTAN,273,8 AVENUE,10011,2123373071,Middle Eastern,12/05/2011,Violations were cited in the following area(s).,08A,Facility not vermin proof. Harborage or conditions conducive to attracting vermin to the premises and/or allowing vermin to exist.,Not Critical,12,A,12/05/2011,02/06/2016,Cycle Inspection / Re-inspection
40868689,PITA PAN CAFE,MANHATTAN,273,8 AVENUE,10011,2123373071,Middle Eastern,12/05/2011,Violations were cited in the following area(s).,04M,Live roaches present in facility's food and/or non-food areas.,Critical,12,A,12/05/2011,02/06/2016,Cycle Inspection / Re-inspection
41004673,BISTRO LE STEAK,MANHATTAN,1309      ,3 AVENUE                                          ,10021,2125173800,French,12/06/2011,Violations were cited in the following area(s).,10F,"Non-food contact surface improperly constructed. Unacceptable material used. Non-food contact surface or equipment improperly maintained and/or not properly sealed, raised, spaced or movable to allow accessibility for cleaning on all sides, above and underneath the unit.",Not Critical,2,A,12/06/2011,02/06/2016,Cycle Inspection / Initial Inspection
40553409,HAPPY FORTUNE,STATEN ISLAND,1022,ROSSVILLE AVE,10309,7189841168,Chinese,12/06/2011,Violations were cited in the following area(s).,02B,Hot food item not held at or above 140º F.,Critical,15,B,12/06/2011,02/06/2016,Cycle Inspection / Re-inspection
40553409,HAPPY FORTUNE,STATEN ISLAND,1022,ROSSVILLE AVE,10309,7189841168,Chinese,12/06/2011,Violations were cited in the following area(s).,02G,Cold food item held above 41º F (smoked fish and reduced oxygen packaged foods above 38 ºF) except during necessary preparation.,Critical,15,B,12/06/2011,02/06/2016,Cycle Inspection / Re-inspection
41209159,MESKEL ETHIOPIAN,MANHATTAN,199       ,EAST    3 STREET                                  ,10009,2122542411,Ethiopian,12/07/2011,Violations were cited in the following area(s).,04M,Live roaches present in facility's food and/or non-food areas.,Critical,14,,,02/06/2016,Cycle Inspection / Initial Inspection
41377997,RISPOLI PASTRY SHOP,STATEN ISLAND,1184,BAY STREET,10305,7182735300,Bakery,12/08/2011,Violations were cited in the following area(s).,02B,Hot food item not held at or above 140Âº F.,Critical,23,,,02/06/2016,Cycle Inspection / Initial Inspection
41377997,RISPOLI PASTRY SHOP,STATEN ISLAND,1184,BAY STREET,10305,7182735300,Bakery,12/08/2011,Violations were cited in the following area(s).,06D,"Food contact surface not properly washed, rinsed and sanitized after each use and following any activity when contamination may have occurred.",Critical,23,,,02/06/2016,Cycle Inspection / Initial Inspection
41377997,RISPOLI PASTRY SHOP,STATEN ISLAND,1184,BAY STREET,10305,7182735300,Bakery,12/08/2011,Violations were cited in the following area(s).,04N,"Filth flies or food/refuse/sewage-associated (FRSA) flies present in facilitys food and/or non-food areas. Filth flies include house flies, little house flies, blow flies, bottle flies and flesh flies. Food/refuse/sewage-associated flies include fruit flies, drain flies and Phorid flies.",Critical,23,,,02/06/2016,Cycle Inspection / Initial Inspection
41377997,RISPOLI PASTRY SHOP,STATEN ISLAND,1184,BAY STREET,10305,7182735300,Bakery,12/08/2011,Violations were cited in the following area(s).,08A,Facility not vermin proof. Harborage or conditions conducive to attracting vermin to the premises and/or allowing vermin to exist.,Not Critical,23,,,02/06/2016,Cycle Inspection / Initial Inspection
41377997,RISPOLI PASTRY SHOP,STATEN ISLAND,1184,BAY STREET,10305,7182735300,Bakery,12/08/2011,Violations were cited in the following area(s).,04L,Evidence of mice or live mice present in facility's food and/or non-food areas.,Critical,23,,,02/06/2016,Cycle Inspection / Initial Inspection
41319697,GHENET BROOKLYN,BROOKLYN,348,DOUGLASS STREET,11217,7182304475,Ethiopian,12/09/2011,Violations were cited in the following area(s).,10A,"Toilet facility not maintained and provided with toilet paper, waste receptacle and self-closing door.",Not Critical,13,A,12/09/2011,02/06/2016,Cycle Inspection / Re-inspection
41319697,GHENET BROOKLYN,BROOKLYN,348,DOUGLASS STREET,11217,7182304475,Ethiopian,12/09/2011,Violations were cited in the following area(s).,08A,Facility not vermin proof. Harborage or conditions conducive to attracting vermin to the premises and/or allowing vermin to exist.,Not Critical,13,A,12/09/2011,02/06/2016,Cycle Inspection / Re-inspection
41319697,GHENET BROOKLYN,BROOKLYN,348,DOUGLASS STREET,11217,7182304475,Ethiopian,12/09/2011,Violations were cited in the following area(s).,04N,"Filth flies or food/refuse/sewage-associated (FRSA) flies present in facilitys food and/or non-food areas. Filth flies include house flies, little house flies, blow flies, bottle flies and flesh flies. Food/refuse/sewage-associated flies include fruit flies, drain flies and Phorid flies.",Critical,13,A,12/09/2011,02/06/2016,Cycle Inspection / Re-inspection
41319697,GHENET BROOKLYN,BROOKLYN,348,DOUGLASS STREET,11217,7182304475,Ethiopian,12/09/2011,No violations were recorded at the time of this inspection.,22C,"Bulb not shielded or shatterproof, in areas where there is extreme heat, temperature changes, or where accidental contact may occur.",Not Critical,,,,02/06/2016,Administrative Miscellaneous / Re-inspection
40394762,CAROLINE'S ON BROADWAY,MANHATTAN,750       ,7 AVENUE                                          ,10019,2127574100,American ,12/09/2011,Violations were cited in the following area(s).,06C,"Food not protected from potential source of contamination during storage, preparation, transportation, display or service.",Critical,19,,,02/06/2016,Cycle Inspection / Initial Inspection
40394762,CAROLINE'S ON BROADWAY,MANHATTAN,750       ,7 AVENUE                                          ,10019,2127574100,American ,12/09/2011,Violations were cited in the following area(s).,04H,"Raw, cooked or prepared food is adulterated, contaminated, cross-contaminated, or not discarded in accordance with HACCP plan.",Critical,19,,,02/06/2016,Cycle Inspection / Initial Inspection
40394762,CAROLINE'S ON BROADWAY,MANHATTAN,750       ,7 AVENUE                                          ,10019,2127574100,American ,12/09/2011,Violations were cited in the following area(s).,02H,"Food not cooled by an approved method whereby the internal product temperature is reduced from 140º F to 70º F or less within 2 hours, and from 70º F to 41º F or less within 4 additional hours.",Critical,19,,,02/06/2016,Cycle Inspection / Initial Inspection
41006423,BROTHERS PIZZA II,STATEN ISLAND,95        ,PAGE AVENUE                                       ,10309,7189488700,Pizza/Italian,12/10/2011,Violations were cited in the following area(s).,09A,Canned food product observed dented and not segregated from other consumable food items.,Not Critical,17,,,02/06/2016,Cycle Inspection / Initial Inspection
41006423,BROTHERS PIZZA II,STATEN ISLAND,95        ,PAGE AVENUE                                       ,10309,7189488700,Pizza/Italian,12/10/2011,Violations were cited in the following area(s).,06D,"Food contact surface not properly washed, rinsed and sanitized after each use and following any activity when contamination may have occurred.",Critical,17,,,02/06/2016,Cycle Inspection / Initial Inspection
41006423,BROTHERS PIZZA II,STATEN ISLAND,95        ,PAGE AVENUE                                       ,10309,7189488700,Pizza/Italian,12/10/2011,Violations were cited in the following area(s).,04A,Food Protection Certificate not held by supervisor of food operations.,Critical,17,,,02/06/2016,Cycle Inspection / Initial Inspection
41391352,CASANOVAS BILLIARDS,QUEENS,102-02,43 AVENUE,11368,7188077671,"Bottled beverages, including water, sodas, juices, etc.",12/12/2011,Violations were cited in the following area(s).,10B,Plumbing not properly installed or maintained; anti-siphonage or backflow prevention device not provided where required; equipment or floor not properly drained; sewage disposal system in disrepair or not functioning properly.,Not Critical,18,,,02/06/2016,Cycle Inspection / Initial Inspection
41391352,CASANOVAS BILLIARDS,QUEENS,102-02,43 AVENUE,11368,7188077671,"Bottled beverages, including water, sodas, juices, etc.",12/12/2011,Violations were cited in the following area(s).,10E,Accurate thermometer not provided in refrigerated or hot holding equipment.,Not Critical,18,,,02/06/2016,Cycle Inspection / Initial Inspection
41391352,CASANOVAS BILLIARDS,QUEENS,102-02,43 AVENUE,11368,7188077671,"Bottled beverages, including water, sodas, juices, etc.",12/12/2011,Violations were cited in the following area(s).,99B,Other general violation.,Not Critical,18,,,02/06/2016,Cycle Inspection / Initial Inspection
41391352,CASANOVAS BILLIARDS,QUEENS,102-02,43 AVENUE,11368,7188077671,"Bottled beverages, including water, sodas, juices, etc.",12/12/2011,Violations were cited in the following area(s).,08A,Facility not vermin proof. Harborage or conditions conducive to attracting vermin to the premises and/or allowing vermin to exist.,Not Critical,18,,,02/06/2016,Cycle Inspection / Initial Inspection
41391352,CASANOVAS BILLIARDS,QUEENS,102-02,43 AVENUE,11368,7188077671,"Bottled beverages, including water, sodas, juices, etc.",12/12/2011,Violations were cited in the following area(s).,04L,Evidence of mice or live mice present in facility's food and/or non-food areas.,Critical,18,,,02/06/2016,Cycle Inspection / Initial Inspection
40854101,LORENZOS BAR & GRILL (HILTON GARDEN),STATEN ISLAND,1100,SOUTH AVENUE,10314,7184772400,American ,12/12/2011,Violations were cited in the following area(s).,04N,"Filth flies or food/refuse/sewage-associated (FRSA) flies present in facilitys food and/or non-food areas. Filth flies include house flies, little house flies, blow flies, bottle flies and flesh flies. Food/refuse/sewage-associated flies include fruit flies, drain flies and Phorid flies.",Critical,11,A,12/12/2011,02/06/2016,Cycle Inspection / Re-inspection
40854101,LORENZOS BAR & GRILL (HILTON GARDEN),STATEN ISLAND,1100,SOUTH AVENUE,10314,7184772400,American ,12/12/2011,Violations were cited in the following area(s).,06D,"Food contact surface not properly washed, rinsed and sanitized after each use and following any activity when contamination may have occurred.",Critical,11,A,12/12/2011,02/06/2016,Cycle Inspection / Re-inspection
41500477,NEWTOWN,BROOKLYN,55,WATERBURY STREET,11206,3479846215,Vegetarian,12/13/2011,Violations were cited in the following area(s).,04L,Evidence of mice or live mice present in facility's food and/or non-food areas.,Critical,10,A,12/13/2011,02/06/2016,Cycle Inspection / Re-inspection
41500477,NEWTOWN,BROOKLYN,55,WATERBURY STREET,11206,3479846215,Vegetarian,12/13/2011,Violations were cited in the following area(s).,10F,"Non-food contact surface improperly constructed. Unacceptable material used. Non-food contact surface or equipment improperly maintained and/or not properly sealed, raised, spaced or movable to allow accessibility for cleaning on all sides, above and underneath the unit.",Not Critical,10,A,12/13/2011,02/06/2016,Cycle Inspection / Re-inspection
41318698,NANOOSH,MANHATTAN,2012,BROADWAY,10023,2123627922,Mediterranean,12/13/2011,Violations were cited in the following area(s).,08A,Facility not vermin proof. Harborage or conditions conducive to attracting vermin to the premises and/or allowing vermin to exist.,Not Critical,21,,,02/06/2016,Cycle Inspection / Initial Inspection
41318698,NANOOSH,MANHATTAN,2012,BROADWAY,10023,2123627922,Mediterranean,12/13/2011,Violations were cited in the following area(s).,04L,Evidence of mice or live mice present in facility's food and/or non-food areas.,Critical,21,,,02/06/2016,Cycle Inspection / Initial Inspection
41318698,NANOOSH,MANHATTAN,2012,BROADWAY,10023,2123627922,Mediterranean,12/13/2011,Violations were cited in the following area(s).,08C,Pesticide use not in accordance with label or applicable laws. Prohibited chemical used/stored. Open bait station used.,Not Critical,21,,,02/06/2016,Cycle Inspection / Initial Inspection
41318698,NANOOSH,MANHATTAN,2012,BROADWAY,10023,2123627922,Mediterranean,12/13/2011,Violations were cited in the following area(s).,02G,Cold food item held above 41Âº F (smoked fish and reduced oxygen packaged foods above 38 ÂºF) except during necessary preparation.,Critical,21,,,02/06/2016,Cycle Inspection / Initial Inspection
41316656,I SODI,MANHATTAN,105,CHRISTOPHER STREET,10014,2124145774,Italian,12/13/2011,Violations were cited in the following area(s).,16B,"The original nutritional fact labels and/or ingredient label for a cooking oil, shortening or margarine or food item sold in bulk, or acceptable manufacturers documentation not maintained on site.",Not Critical,,,,02/06/2016,Trans Fat / Re-inspection
41316656,I SODI,MANHATTAN,105,CHRISTOPHER STREET,10014,2124145774,Italian,12/13/2011,Violations were cited in the following area(s).,10H,Proper sanitization not provided for utensil ware washing operation.,Not Critical,13,A,12/13/2011,02/06/2016,Cycle Inspection / Re-inspection
41316656,I SODI,MANHATTAN,105,CHRISTOPHER STREET,10014,2124145774,Italian,12/13/2011,Violations were cited in the following area(s).,10A,"Toilet facility not maintained and provided with toilet paper, waste receptacle and self-closing door.",Not Critical,13,A,12/13/2011,02/06/2016,Cycle Inspection / Re-inspection
41316656,I SODI,MANHATTAN,105,CHRISTOPHER STREET,10014,2124145774,Italian,12/13/2011,Violations were cited in the following area(s).,02G,Cold food item held above 41Âº F (smoked fish and reduced oxygen packaged foods above 38 ÂºF) except during necessary preparation.,Critical,13,A,12/13/2011,02/06/2016,Cycle Inspection / Re-inspection
41085412,SOBA-KOH,MANHATTAN,309,EAST    5 STREET,10003,2122542244,Japanese,12/13/2011,Violations were cited in the following area(s).,06C,"Food not protected from potential source of contamination during storage, preparation, transportation, display or service.",Critical,21,,,02/06/2016,Cycle Inspection / Initial Inspection
41085412,SOBA-KOH,MANHATTAN,309,EAST    5 STREET,10003,2122542244,Japanese,12/13/2011,Violations were cited in the following area(s).,04N,"Filth flies or food/refuse/sewage-associated (FRSA) flies present in facilitys food and/or non-food areas. Filth flies include house flies, little house flies, blow flies, bottle flies and flesh flies. Food/refuse/sewage-associated flies include fruit flies, drain flies and Phorid flies.",Critical,21,,,02/06/2016,Cycle Inspection / Initial Inspection
40560108,101 RESTAURANT AND BAR,BROOKLYN,10018     ,4 AVENUE                                          ,11209,7188331313,Italian,12/14/2011,Violations were cited in the following area(s).,04H,"Raw, cooked or prepared food is adulterated, contaminated, cross-contaminated, or not discarded in accordance with HACCP plan.",Critical,39,,,02/06/2016,Cycle Inspection / Initial Inspection
40560108,101 RESTAURANT AND BAR,BROOKLYN,10018     ,4 AVENUE                                          ,11209,7188331313,Italian,12/14/2011,Violations were cited in the following area(s).,08A,Facility not vermin proof. Harborage or conditions conducive to attracting vermin to the premises and/or allowing vermin to exist.,Not Critical,39,,,02/06/2016,Cycle Inspection / Initial Inspection
40560108,101 RESTAURANT AND BAR,BROOKLYN,10018     ,4 AVENUE                                          ,11209,7188331313,Italian,12/14/2011,Violations were cited in the following area(s).,06D,"Food contact surface not properly washed, rinsed and sanitized after each use and following any activity when contamination may have occurred.",Critical,39,,,02/06/2016,Cycle Inspection / Initial Inspection
40560108,101 RESTAURANT AND BAR,BROOKLYN,10018     ,4 AVENUE                                          ,11209,7188331313,Italian,12/14/2011,Violations were cited in the following area(s).,10F,"Non-food contact surface improperly constructed. Unacceptable material used. Non-food contact surface or equipment improperly maintained and/or not properly sealed, raised, spaced or movable to allow accessibility for cleaning on all sides, above and underneath the unit.",Not Critical,39,,,02/06/2016,Cycle Inspection / Initial Inspection
40560108,101 RESTAURANT AND BAR,BROOKLYN,10018     ,4 AVENUE                                          ,11209,7188331313,Italian,12/14/2011,Violations were cited in the following area(s).,02G,Cold food item held above 41º F (smoked fish and reduced oxygen packaged foods above 38 ºF) except during necessary preparation.,Critical,39,,,02/06/2016,Cycle Inspection / Initial Inspection
40560108,101 RESTAURANT AND BAR,BROOKLYN,10018     ,4 AVENUE                                          ,11209,7188331313,Italian,12/14/2011,Violations were cited in the following area(s).,04M,Live roaches present in facility's food and/or non-food areas.,Critical,39,,,02/06/2016,Cycle Inspection / Initial Inspection
41555297,RUBY FALLS NIGHTLIFE CAFE,STATEN ISLAND,45,PAGE AVENUE,10309,7189849888,American ,12/15/2011,Violations were cited in the following area(s).,10F,"Non-food contact surface improperly constructed. Unacceptable material used. Non-food contact surface or equipment improperly maintained and/or not properly sealed, raised, spaced or movable to allow accessibility for cleaning on all sides, above and underneath the unit.",Not Critical,10,A,12/15/2011,02/06/2016,Cycle Inspection / Initial Inspection
41555297,RUBY FALLS NIGHTLIFE CAFE,STATEN ISLAND,45,PAGE AVENUE,10309,7189849888,American ,12/15/2011,Violations were cited in the following area(s).,10B,Plumbing not properly installed or maintained; anti-siphonage or backflow prevention device not provided where required; equipment or floor not properly drained; sewage disposal system in disrepair or not functioning properly.,Not Critical,10,A,12/15/2011,02/06/2016,Cycle Inspection / Initial Inspection
41555297,RUBY FALLS NIGHTLIFE CAFE,STATEN ISLAND,45,PAGE AVENUE,10309,7189849888,American ,12/15/2011,Violations were cited in the following area(s).,16B,"The original nutritional fact labels and/or ingredient label for a cooking oil, shortening or margarine or food item sold in bulk, or acceptable manufacturers documentation not maintained on site.",Not Critical,,,,02/06/2016,Trans Fat / Initial Inspection
41555297,RUBY FALLS NIGHTLIFE CAFE,STATEN ISLAND,45,PAGE AVENUE,10309,7189849888,American ,12/15/2011,Violations were cited in the following area(s).,06E,"Sanitized equipment or utensil, including in-use food dispensing utensil, improperly used or stored.",Critical,10,A,12/15/2011,02/06/2016,Cycle Inspection / Initial Inspection
40576044,CIPRIANI DOWNTOWN RESTAURANT,MANHATTAN,376,WEST BROADWAY,10012,2123430999,Italian,12/15/2011,Violations were cited in the following area(s).,08A,Facility not vermin proof. Harborage or conditions conducive to attracting vermin to the premises and/or allowing vermin to exist.,Not Critical,10,A,12/15/2011,02/06/2016,Cycle Inspection / Re-inspection
40576044,CIPRIANI DOWNTOWN RESTAURANT,MANHATTAN,376,WEST BROADWAY,10012,2123430999,Italian,12/15/2011,Violations were cited in the following area(s).,04N,"Filth flies or food/refuse/sewage-associated (FRSA) flies present in facilitys food and/or non-food areas. Filth flies include house flies, little house flies, blow flies, bottle flies and flesh flies. Food/refuse/sewage-associated flies include fruit flies, drain flies and Phorid flies.",Critical,10,A,12/15/2011,02/06/2016,Cycle Inspection / Re-inspection
40608576,DIVE 75,MANHATTAN,101       ,WEST   75 STREET                                  ,10023,2123627518,American ,12/15/2011,Violations were cited in the following area(s).,06C,"Food not protected from potential source of contamination during storage, preparation, transportation, display or service.",Critical,15,,,02/06/2016,Cycle Inspection / Initial Inspection
40608576,DIVE 75,MANHATTAN,101       ,WEST   75 STREET                                  ,10023,2123627518,American ,12/15/2011,Violations were cited in the following area(s).,04H,"Raw, cooked or prepared food is adulterated, contaminated, cross-contaminated, or not discarded in accordance with HACCP plan.",Critical,15,,,02/06/2016,Cycle Inspection / Initial Inspection
40608576,DIVE 75,MANHATTAN,101       ,WEST   75 STREET                                  ,10023,2123627518,American ,12/15/2011,Violations were cited in the following area(s).,10F,"Non-food contact surface improperly constructed. Unacceptable material used. Non-food contact surface or equipment improperly maintained and/or not properly sealed, raised, spaced or movable to allow accessibility for cleaning on all sides, above and underneath the unit.",Not Critical,15,,,02/06/2016,Cycle Inspection / Initial Inspection
41015818,BOZU,BROOKLYN,296,GRAND STREET,11201,7183847770,Japanese,12/16/2011,Violations were cited in the following area(s).,06F,Wiping cloths soiled or not stored in sanitizing solution.,Critical,21,,,02/06/2016,Cycle Inspection / Initial Inspection
41015818,BOZU,BROOKLYN,296,GRAND STREET,11201,7183847770,Japanese,12/16/2011,Violations were cited in the following area(s).,04L,Evidence of mice or live mice present in facility's food and/or non-food areas.,Critical,21,,,02/06/2016,Cycle Inspection / Initial Inspection
40635366,THE LIBRARY,MANHATTAN,7,AVENUE A,10009,2123751352,"Bottled beverages, including water, sodas, juices, etc.",12/16/2011,Violations were cited in the following area(s).,08A,Facility not vermin proof. Harborage or conditions conducive to attracting vermin to the premises and/or allowing vermin to exist.,Not Critical,11,A,12/16/2011,02/06/2016,Cycle Inspection / Re-inspection
40635366,THE LIBRARY,MANHATTAN,7,AVENUE A,10009,2123751352,"Bottled beverages, including water, sodas, juices, etc.",12/16/2011,Violations were cited in the following area(s).,04N,"Filth flies or food/refuse/sewage-associated (FRSA) flies present in facilitys food and/or non-food areas. Filth flies include house flies, little house flies, blow flies, bottle flies and flesh flies. Food/refuse/sewage-associated flies include fruit flies, drain flies and Phorid flies.",Critical,11,A,12/16/2011,02/06/2016,Cycle Inspection / Re-inspection
41384605,BALDOR SPECIALTY FOODS,BRONX,155,FOOD CENTER DRIVE,10474,7188609100,American ,12/19/2011,Violations were cited in the following area(s).,02G,Cold food item held above 41Âº F (smoked fish and reduced oxygen packaged foods above 38 ÂºF) except during necessary preparation.,Critical,12,A,12/19/2011,02/06/2016,Cycle Inspection / Initial Inspection
41384605,BALDOR SPECIALTY FOODS,BRONX,155,FOOD CENTER DRIVE,10474,7188609100,American ,12/19/2011,Violations were cited in the following area(s).,10F,"Non-food contact surface improperly constructed. Unacceptable material used. Non-food contact surface or equipment improperly maintained and/or not properly sealed, raised, spaced or movable to allow accessibility for cleaning on all sides, above and underneath the unit.",Not Critical,12,A,12/19/2011,02/06/2016,Cycle Inspection / Initial Inspection
41384605,BALDOR SPECIALTY FOODS,BRONX,155,FOOD CENTER DRIVE,10474,7188609100,American ,12/19/2011,Violations were cited in the following area(s).,10B,Plumbing not properly installed or maintained; anti-siphonage or backflow prevention device not provided where required; equipment or floor not properly drained; sewage disposal system in disrepair or not functioning properly.,Not Critical,12,A,12/19/2011,02/06/2016,Cycle Inspection / Initial Inspection
41318698,NANOOSH,MANHATTAN,2012,BROADWAY,10023,2123627922,Mediterranean,12/20/2011,Violations were cited in the following area(s).,10F,"Non-food contact surface improperly constructed. Unacceptable material used. Non-food contact surface or equipment improperly maintained and/or not properly sealed, raised, spaced or movable to allow accessibility for cleaning on all sides, above and underneath the unit.",Not Critical,4,A,12/20/2011,02/06/2016,Cycle Inspection / Re-inspection
41318698,NANOOSH,MANHATTAN,2012,BROADWAY,10023,2123627922,Mediterranean,12/20/2011,Violations were cited in the following area(s).,10B,Plumbing not properly installed or maintained; anti-siphonage or backflow prevention device not provided where required; equipment or floor not properly drained; sewage disposal system in disrepair or not functioning properly.,Not Critical,4,A,12/20/2011,02/06/2016,Cycle Inspection / Re-inspection
41173497,KAZUZA,MANHATTAN,107,AVENUE A,10009,2125059300,Middle Eastern,12/20/2011,Violations were cited in the following area(s).,10F,"Non-food contact surface improperly constructed. Unacceptable material used. Non-food contact surface or equipment improperly maintained and/or not properly sealed, raised, spaced or movable to allow accessibility for cleaning on all sides, above and underneath the unit.",Not Critical,30,,,02/06/2016,Cycle Inspection / Initial Inspection
41173497,KAZUZA,MANHATTAN,107,AVENUE A,10009,2125059300,Middle Eastern,12/20/2011,Violations were cited in the following area(s).,08A,Facility not vermin proof. Harborage or conditions conducive to attracting vermin to the premises and/or allowing vermin to exist.,Not Critical,30,,,02/06/2016,Cycle Inspection / Initial Inspection
41173497,KAZUZA,MANHATTAN,107,AVENUE A,10009,2125059300,Middle Eastern,12/20/2011,Violations were cited in the following area(s).,04L,Evidence of mice or live mice present in facility's food and/or non-food areas.,Critical,30,,,02/06/2016,Cycle Inspection / Initial Inspection
41173497,KAZUZA,MANHATTAN,107,AVENUE A,10009,2125059300,Middle Eastern,12/20/2011,Violations were cited in the following area(s).,04H,"Raw, cooked or prepared food is adulterated, contaminated, cross-contaminated, or not discarded in accordance with HACCP plan.",Critical,30,,,02/06/2016,Cycle Inspection / Initial Inspection
41209159,MESKEL ETHIOPIAN,MANHATTAN,199       ,EAST    3 STREET                                  ,10009,2122542411,Ethiopian,12/21/2011,Violations were cited in the following area(s).,04O,Live animals other than fish in tank or service animal present in facility's food and/or non-food areas.,Critical,5,A,12/21/2011,02/06/2016,Cycle Inspection / Re-inspection
41006423,BROTHERS PIZZA II,STATEN ISLAND,95        ,PAGE AVENUE                                       ,10309,7189488700,Pizza/Italian,12/21/2011,Violations were cited in the following area(s).,06D,"Food contact surface not properly washed, rinsed and sanitized after each use and following any activity when contamination may have occurred.",Critical,7,A,12/21/2011,02/06/2016,Cycle Inspection / Re-inspection
41006423,BROTHERS PIZZA II,STATEN ISLAND,95        ,PAGE AVENUE                                       ,10309,7189488700,Pizza/Italian,12/21/2011,Violations were cited in the following area(s).,10F,"Non-food contact surface improperly constructed. Unacceptable material used. Non-food contact surface or equipment improperly maintained and/or not properly sealed, raised, spaced or movable to allow accessibility for cleaning on all sides, above and underneath the unit.",Not Critical,7,A,12/21/2011,02/06/2016,Cycle Inspection / Re-inspection
41391352,CASANOVAS BILLIARDS,QUEENS,102-02,43 AVENUE,11368,7188077671,"Bottled beverages, including water, sodas, juices, etc.",12/22/2011,Violations were cited in the following area(s).,10F,"Non-food contact surface improperly constructed. Unacceptable material used. Non-food contact surface or equipment improperly maintained and/or not properly sealed, raised, spaced or movable to allow accessibility for cleaning on all sides, above and underneath the unit.",Not Critical,19,B,12/22/2011,02/06/2016,Cycle Inspection / Re-inspection
41391352,CASANOVAS BILLIARDS,QUEENS,102-02,43 AVENUE,11368,7188077671,"Bottled beverages, including water, sodas, juices, etc.",12/22/2011,Violations were cited in the following area(s).,99B,Other general violation.,Not Critical,19,B,12/22/2011,02/06/2016,Cycle Inspection / Re-inspection
41391352,CASANOVAS BILLIARDS,QUEENS,102-02,43 AVENUE,11368,7188077671,"Bottled beverages, including water, sodas, juices, etc.",12/22/2011,Violations were cited in the following area(s).,02G,Cold food item held above 41Âº F (smoked fish and reduced oxygen packaged foods above 38 ÂºF) except during necessary preparation.,Critical,19,B,12/22/2011,02/06/2016,Cycle Inspection / Re-inspection
41391352,CASANOVAS BILLIARDS,QUEENS,102-02,43 AVENUE,11368,7188077671,"Bottled beverages, including water, sodas, juices, etc.",12/22/2011,Violations were cited in the following area(s).,08A,Facility not vermin proof. Harborage or conditions conducive to attracting vermin to the premises and/or allowing vermin to exist.,Not Critical,19,B,12/22/2011,02/06/2016,Cycle Inspection / Re-inspection
41377997,RISPOLI PASTRY SHOP,STATEN ISLAND,1184,BAY STREET,10305,7182735300,Bakery,12/22/2011,Violations were cited in the following area(s).,10F,"Non-food contact surface improperly constructed. Unacceptable material used. Non-food contact surface or equipment improperly maintained and/or not properly sealed, raised, spaced or movable to allow accessibility for cleaning on all sides, above and underneath the unit.",Not Critical,9,A,12/22/2011,02/06/2016,Cycle Inspection / Re-inspection
41377997,RISPOLI PASTRY SHOP,STATEN ISLAND,1184,BAY STREET,10305,7182735300,Bakery,12/22/2011,Violations were cited in the following area(s).,10B,Plumbing not properly installed or maintained; anti-siphonage or backflow prevention device not provided where required; equipment or floor not properly drained; sewage disposal system in disrepair or not functioning properly.,Not Critical,9,A,12/22/2011,02/06/2016,Cycle Inspection / Re-inspection
41377997,RISPOLI PASTRY SHOP,STATEN ISLAND,1184,BAY STREET,10305,7182735300,Bakery,12/22/2011,Violations were cited in the following area(s).,06C,"Food not protected from potential source of contamination during storage, preparation, transportation, display or service.",Critical,9,A,12/22/2011,02/06/2016,Cycle Inspection / Re-inspection
41010433,LONDEL'S SUPPER CLUB,MANHATTAN,2620,FREDERICK DOUGLASS BOULEVARD,10030,2122346114,American ,12/23/2011,Violations were cited in the following area(s).,06F,Wiping cloths soiled or not stored in sanitizing solution.,Critical,12,A,12/23/2011,02/06/2016,Cycle Inspection / Re-inspection
41010433,LONDEL'S SUPPER CLUB,MANHATTAN,2620,FREDERICK DOUGLASS BOULEVARD,10030,2122346114,American ,12/23/2011,No violations were recorded at the time of this inspection.,,,Not Applicable,,,,02/06/2016,Trans Fat / Second Compliance Inspection
41010433,LONDEL'S SUPPER CLUB,MANHATTAN,2620,FREDERICK DOUGLASS BOULEVARD,10030,2122346114,American ,12/23/2011,Violations were cited in the following area(s).,04H,"Raw, cooked or prepared food is adulterated, contaminated, cross-contaminated, or not discarded in accordance with HACCP plan.",Critical,12,A,12/23/2011,02/06/2016,Cycle Inspection / Re-inspection
41473011,MACCHIATO ESPRESSO BAR,MANHATTAN,666       ,5 AVENUE                                          ,10019,2122626600,CafÃ©/Coffee/Tea,12/27/2011,Violations were cited in the following area(s).,10B,Plumbing not properly installed or maintained; anti-siphonage or backflow prevention device not provided where required; equipment or floor not properly drained; sewage disposal system in disrepair or not functioning properly.,Not Critical,13,A,12/27/2011,02/06/2016,Cycle Inspection / Initial Inspection
41473011,MACCHIATO ESPRESSO BAR,MANHATTAN,666       ,5 AVENUE                                          ,10019,2122626600,CafÃ©/Coffee/Tea,12/27/2011,Violations were cited in the following area(s).,06C,"Food not protected from potential source of contamination during storage, preparation, transportation, display or service.",Critical,13,A,12/27/2011,02/06/2016,Cycle Inspection / Initial Inspection
41473011,MACCHIATO ESPRESSO BAR,MANHATTAN,666       ,5 AVENUE                                          ,10019,2122626600,CafÃ©/Coffee/Tea,12/27/2011,Violations were cited in the following area(s).,06D,"Food contact surface not properly washed, rinsed and sanitized after each use and following any activity when contamination may have occurred.",Critical,13,A,12/27/2011,02/06/2016,Cycle Inspection / Initial Inspection
40750338,MARIOTT MARQUIS/CROSSROADS BAR,MANHATTAN,1535,BROADWAY,10036,2123981900,American ,12/27/2011,Violations were cited in the following area(s).,06D,"Food contact surface not properly washed, rinsed and sanitized after each use and following any activity when contamination may have occurred.",Critical,10,A,12/27/2011,02/06/2016,Cycle Inspection / Initial Inspection
40750338,MARIOTT MARQUIS/CROSSROADS BAR,MANHATTAN,1535,BROADWAY,10036,2123981900,American ,12/27/2011,Violations were cited in the following area(s).,06E,"Sanitized equipment or utensil, including in-use food dispensing utensil, improperly used or stored.",Critical,10,A,12/27/2011,02/06/2016,Cycle Inspection / Initial Inspection
41216071,DJ'S BAR & GRILL,BROOKLYN,480       ,CHESTER STREET                                    ,11212,9173272702,Caribbean,12/28/2011,Violations were cited in the following area(s).,10F,"Non-food contact surface improperly constructed. Unacceptable material used. Non-food contact surface or equipment improperly maintained and/or not properly sealed, raised, spaced or movable to allow accessibility for cleaning on all sides, above and underneath the unit.",Not Critical,10,A,12/28/2011,02/06/2016,Cycle Inspection / Re-inspection
41216071,DJ'S BAR & GRILL,BROOKLYN,480       ,CHESTER STREET                                    ,11212,9173272702,Caribbean,12/28/2011,Violations were cited in the following area(s).,10A,"Toilet facility not maintained and provided with toilet paper, waste receptacle and self-closing door.",Not Critical,10,A,12/28/2011,02/06/2016,Cycle Inspection / Re-inspection
41216071,DJ'S BAR & GRILL,BROOKLYN,480       ,CHESTER STREET                                    ,11212,9173272702,Caribbean,12/28/2011,Violations were cited in the following area(s).,06F,Wiping cloths soiled or not stored in sanitizing solution.,Critical,10,A,12/28/2011,02/06/2016,Cycle Inspection / Re-inspection
41636209,INTI N.Y.C.,MANHATTAN,820,10 AVENUE,10019,6465969216,Peruvian,12/29/2011,Violations were cited in the following area(s).,10A,"Toilet facility not maintained and provided with toilet paper, waste receptacle and self-closing door.",Not Critical,5,,,02/06/2016,Pre-permit (Non-operational) / Initial Inspection
41636209,INTI N.Y.C.,MANHATTAN,820,10 AVENUE,10019,6465969216,Peruvian,12/29/2011,Violations were cited in the following area(s).,20D,"Choking first aid poster not posted. Alcohol and pregnancy warning sign not posted. Resuscitation equipment: exhaled air resuscitation masks (adult & pediatric), latex gloves, sign not posted. Inspection report sign not posted.",Not Critical,,,,02/06/2016,Administrative Miscellaneous / Initial Inspection
41636209,INTI N.Y.C.,MANHATTAN,820,10 AVENUE,10019,6465969216,Peruvian,12/29/2011,Violations were cited in the following area(s).,10H,Proper sanitization not provided for utensil ware washing operation.,Not Critical,5,,,02/06/2016,Pre-permit (Non-operational) / Initial Inspection
40384671,CHEZ JOSEPHINE,MANHATTAN,414       ,WEST   42 STREET                                  ,10036,2125941925,French,12/29/2011,Violations were cited in the following area(s).,08A,Facility not vermin proof. Harborage or conditions conducive to attracting vermin to the premises and/or allowing vermin to exist.,Not Critical,10,A,12/29/2011,02/06/2016,Cycle Inspection / Initial Inspection
40384671,CHEZ JOSEPHINE,MANHATTAN,414       ,WEST   42 STREET                                  ,10036,2125941925,French,12/29/2011,Violations were cited in the following area(s).,04L,Evidence of mice or live mice present in facility's food and/or non-food areas.,Critical,10,A,12/29/2011,02/06/2016,Cycle Inspection / Initial Inspection
41472439,SAINT ANSELM,BROOKLYN,355,METROPOLITAN AVENUE,11211,7183845054,American ,12/30/2011,Violations were cited in the following area(s).,06E,"Sanitized equipment or utensil, including in-use food dispensing utensil, improperly used or stored.",Critical,7,A,12/30/2011,02/06/2016,Cycle Inspection / Re-inspection
41472439,SAINT ANSELM,BROOKLYN,355,METROPOLITAN AVENUE,11211,7183845054,American ,12/30/2011,Violations were cited in the following area(s).,02G,Cold food item held above 41Âº F (smoked fish and reduced oxygen packaged foods above 38 ÂºF) except during necessary preparation.,Critical,7,A,12/30/2011,02/06/2016,Cycle Inspection / Re-inspection
